{"cameraMode":{"drawMode":0,"name":"Shaded","section":"Shading Mode"},"sceneLighting":true,"audioPlay":false,"sceneViewState":{"showFog":true,"showMaterialUpdate":false,"showSkybox":true,"showFlares":true,"showImageEffects":true,"showParticleSystems":true,"showVisualEffectGraphs":true},"in2DMode":false,"pivot":{"x":-0.3273916244506836,"y":2.049729347229004,"z":-8.790264129638672},"rotation":{"x":0.015400206670165062,"y":0.9491665959358215,"z":-0.31086114048957827,"w":0.04702216386795044},"size":24.158042907714845,"orthographic":true}